nom_asignatura,grupo,totalmatriculados,aprobados,desaprobados,inhabilitados
FISICA III,1,5,5,0,0
FISICA III,1,5,1,4,0
ESTADISTICA Y PROBABILIDADES,1,7,2,4,1
ORGANIZACION DE ARCHIVOS,1,9,9,0,0
TOPICO  II,1,9,9,0,0
BASE DE DATOS MULTIDIMENSIONALES Y HERRAMIENTAS OLAP,1,9,9,0,0
TOPICO  III,1,9,9,0,0
CIBERNETICA ORGANIZACIONAL,1,9,9,0,0
TOPICO  IV,1,9,9,0,0
TECNICAS DE REALIDAD VIRTUAL,1,9,9,0,0
LOGICO MATEMATICA,1,9,9,0,0
AMBIENTES DE APRENDIZAJES APOYADOS EN T.I.,1,10,10,0,0
TOPICO  III,1,11,11,0,0
BASE DE DATOS MULTIDIMENSIONALES Y HERRAMIENTAS OLAP,1,11,11,0,0
TOPICO  IV,1,11,10,1,0
TECNICAS DE REALIDAD VIRTUAL,1,11,11,0,0
MATEMATICAS I,1,12,12,0,0
SISTEMAS OPERATIVOS,1,12,12,0,0
TOPICO  II,1,12,12,0,0
CIBERNETICA ORGANIZACIONAL,1,12,12,0,0
TOPICO  III,1,12,12,0,0
TOPICO  I,1,12,9,3,0
TOPICO  IV,1,12,12,0,0
AMBIENTES DE APRENDIZAJES APOYADOS EN T.I.,1,12,10,2,0
PROYECTOS DE INVERSION EN T.I.,1,12,12,0,0
TOPICO  II,1,13,13,0,0
TOPICO  I,1,14,12,1,1
GERENCIA DE RECURSOS HUMANOS CON T.I.,1,14,14,0,0
ARQUITECTURA DE COMPUTADORAS,1,15,14,1,0
DERECHO EMPRESARIAL INFORMATICO,1,15,15,0,0
TOPICO  I,1,15,13,1,1
PROYECTOS DE INVERSION EN T.I.,1,15,15,0,0
GESTION FINANCIERA BASADA EN T.I.,1,15,15,0,0
TOPICO  IV,1,15,15,0,0
TOPICO  I,1,15,15,0,0
TOPICO  II,1,15,15,0,0
TECNOLOGIA DE OBJETOS,1,16,15,1,0
ALGORITMOS Y ESTRUCTURA DE DATOS,2,16,13,2,1
GESTION FINANCIERA BASADA EN T.I.,1,16,16,0,0
GESTION FINANCIERA BASADA EN T.I.,1,16,16,0,0
TOPICO  III,1,16,16,0,0
CALCULO INTEGRAL,1,16,0,0,0
TELEPROCESO,1,17,16,0,1
COSTOS Y PRESUPUESTOS,1,17,16,0,1
INGENIERIA ECONOMICA,1,17,17,0,0
TOPICO  II,1,17,17,0,0
TOPICO  III,1,17,16,0,1
TOPICO  IV,1,17,0,0,0
GERENCIA DE RECURSOS HUMANOS CON T.I.,1,18,18,0,0
DERECHO EMPRESARIAL INFORMATICO,1,18,15,3,0
INTELIGENCIA ARTIFICIAL,1,19,19,0,0
ORGANIZACION DE ARCHIVOS,1,19,19,0,0
REDES DE COMUNICACION,1,19,19,0,0
LEGISLACION,1,19,19,0,0
DERECHO EMPRESARIAL INFORMATICO,1,19,19,0,0
TOPICO  I,1,19,18,0,1
PROYECTOS DE INVERSION EN T.I.,1,19,19,0,0
GESTION FINANCIERA BASADA EN T.I.,1,19,18,1,0
MICROCOMPUTACION IV,1,20,20,0,0
ARQUITECTURA DE COMPUTADORAS,1,20,20,0,0
GERENCIA DE RECURSOS HUMANOS CON T.I.,1,20,20,0,0
GERENCIA DE RECURSOS HUMANOS CON T.I.,1,20,20,0,0
TOPICO  IV,1,20,18,1,1
DERECHO EMPRESARIAL INFORMATICO,1,20,19,0,1
PROYECTOS DE INVERSION EN T.I.,1,20,0,0,0
DISEÑO Y EVALUACION DE PROYECTOS,1,21,20,0,1
SIMULACION,1,21,19,0,2
TALLER DE INGENIERIA DE INFORMACION,1,21,20,0,1
ADMINISTRACION DE CENTROS DE INFORMACION,1,21,20,1,0
PSICOLOGIA ORGANIZACIONAL,1,21,21,0,0
PROYECTOS DE INVERSION EN T.I.,1,21,21,0,0
TOPICO  I,1,21,21,0,0
TOPICO  II,1,21,0,0,0
METODOLOGIA DE SISTEMAS,1,22,22,0,0
LEGISLACION,1,22,22,0,0
CONTABILIDAD GENERAL,1,22,21,1,0
ORGANIZACION Y METODOS,1,22,21,0,1
INGENIERIA DE INFORMACION,1,22,22,0,0
TOPICO  III,1,22,21,1,0
INVESTIGACION DE OPERACIONES I,1,22,0,0,0
SISTEMAS DE INFORMACION II,1,23,23,0,0
COMUNICACION DE DATOS,1,23,20,3,0
TOPICO  I,1,23,23,0,0
TOPICO  II,1,23,23,0,0
BIOINFORMATICA,1,23,23,0,0
DERECHO EMPRESARIAL INFORMATICO,1,23,0,0,0
MARKETING PARA TECNOLOGIAS DE INFORMACION,1,23,0,0,0
METODOLOGIA DE SISTEMAS,1,24,24,0,0
REDES DE COMUNICACION,1,24,23,1,0
REINGENIERIA,1,24,18,4,2
ORGANIZACION DE ARCHIVOS,1,24,23,0,1
LOGICO MATEMATICA,2,24,24,0,0
TENDENCIAS TECNOLOGICAS,1,24,21,3,0
GESTION FINANCIERA BASADA EN T.I.,1,24,21,0,3
AUDITORIA DE SISTEMAS,1,25,22,2,1
ADMINISTRACION DE CENTROS DE INFORMACION,1,25,25,0,0
ADMINISTRACION DE CENTROS DE INFORMACION,1,25,21,3,1
ORGANIZACION DE ARCHIVOS,1,25,25,0,0
TEORIA DE COMPILADORES,1,25,25,0,0
MATEMATICA III,1,25,18,2,5
INGENIERIA DE INFORMACION,1,25,24,0,1
TALLER DE INGENIERIA DE INFORMACION,1,25,25,0,0
SISTEMAS DIGITALES,1,25,13,12,0
INGENIERIA DE ANALISIS MULTIDIMENSIONAL,2,25,19,3,3
LEGISLACION,1,25,24,1,0
SEMINARIO DE TESIS  I,1,25,25,0,0
TELECOMUNICACIONES,1,25,25,0,0
AUDITORIA DE SISTEMAS,1,25,25,0,0
TELECOMUNICACIONES,1,25,25,0,0
TECNOLOGIA DE OBJETOS,1,26,21,5,0
METODOS NUMERICOS,1,26,22,3,1
DISEÑO Y EVALUACION DE PROYECTOS,1,26,23,2,1
TEORIA DE COMPILADORES,1,26,26,0,0
INGENIERIA DE SOFTWARE,1,26,24,0,2
AUDITORIA DE SISTEMAS,1,26,25,0,1
DISEÑO Y EVALUACION DE PROYECTOS,1,26,26,0,0
REINGENIERIA,1,26,22,1,3
ARQUITECTURA DE COMPUTADORAS,1,26,25,1,0
METODOLOGIA DE LA INVESTIGACION CIENTIFICA,1,26,26,0,0
SIMULACION DE SISTEMAS,1,26,23,3,0
REDES INFORMATICAS EMPRESARIALES  II,1,26,22,4,0
SEMINARIO DE TESIS  II,1,26,26,0,0
INGENIERIA DE ANALISIS MULTIDIMENSIONAL,1,26,21,1,4
REDES INFORMATICAS EMPRESARIALES I,1,26,26,0,0
SISTEMAS DE INFORMACION   I,1,27,27,0,0
ORGANIZACION DE ARCHIVOS,1,27,27,0,0
SISTEMAS DE INFORMACION II,1,27,25,2,0
SISTEMAS OPERATIVOS,1,27,27,0,0
LEGISLACION,1,27,25,0,2
SISTEMAS DIGITALES,1,27,26,1,0
REDES DE COMUNICACION,1,27,26,1,0
ELECTRONICA I,1,27,25,2,0
BASE DE DATOS,2,27,15,12,0
INVESTIGACION DE OPERACIONES I,1,27,26,1,0
INGENIERIA DE SOFTWARE,1,27,27,0,0
ADMINISTRACION DE PROYECTOS DE SISTEMAS,1,27,25,2,0
SEGURIDAD INFORMATICA,1,27,27,0,0
DERECHO EMPRESARIAL INFORMATICO,1,27,25,0,2
GESTION EMPRESARIAL DE SISTEMAS,1,27,24,1,2
TECNOLOGIA DE OBJETOS,1,28,27,1,0
ADMINISTRACION DE CENTROS DE INFORMACION,1,28,24,3,1
LENGUAJE DE MAQUINA,1,28,24,1,3
REDES DE COMUNICACION,1,28,26,0,2
INTELIGENCIA ARTIFICIAL,1,28,28,0,0
ALGORITMOS Y ESTRUCTURA DE DATOS,1,28,22,2,4
SISTEMAS DIGITALES,1,28,22,6,0
BASE DE DATOS,1,28,27,0,1
MATEMATICA I,2,28,16,12,0
REDES INFORMATICAS EMPRESARIALES I,1,28,28,0,0
ESTRUCTURA DE DATOS,2,28,22,6,0
MATEMATICA I,2,28,17,8,3
INGENIERIA DE INFORMACION,1,28,28,0,0
TEORIA DE LENGUAJES Y COMPILADORES,1,28,21,5,2
REDES INFORMATICAS EMPRESARIALES  II,1,28,28,0,0
MATEMATICA II,2,28,16,6,6
INTRODUCCION A LA INGENIERIA DE SISTEMAS,2,28,21,7,0
METODOS NUMERICOS,1,29,29,0,0
SIMULACION,1,29,21,7,1
TELEPROCESO,1,29,26,2,1
INGENIERIA DE INFORMACION,1,29,29,0,0
INVESTIGACION DE OPERACIONES  III,1,29,25,3,1
TALLER DE INGENIERIA DE INFORMACION,1,29,29,0,0
MATEMATICA III,1,29,19,10,0
INGENIERIA DE SOFTWARE,1,29,27,0,2
METODOS DE PREDICCION,1,29,27,1,1
SIMULACION,1,29,28,1,0
ELECTRONICA II,1,29,25,4,0
TECNOLOGIA DE OBJETOS,1,29,28,1,0
ENSAMBLAJE Y MANTENIMIENTO DE COMPUTADORAS,2,29,23,1,5
GESTION FINANCIERA BASADA EN T.I.,1,29,28,1,0
SISTEMAS EXPERTOS,1,29,29,0,0
INTELIGENCIA ARTIFICIAL,1,29,29,0,0
COMPUTACION II,2,29,24,2,3
LENGUAJE Y TECNICAS DE COMUNICACION,1,29,27,2,0
GERENCIA DE RECURSOS HUMANOS CON T.I.,1,29,29,0,0
ESTADISTICA PARA INGENIEROS,1,29,25,4,0
ARQUITECTURA DE COMPUTADORAS,1,29,27,2,0
DINAMICA DE SISTEMAS II,1,29,0,0,0
DISEÑO Y EVALUACION DE PROYECTOS,1,30,30,0,0
DISEÑO Y EVALUACION DE PROYECTOS,1,30,29,1,0
SIMULACION,1,30,28,0,2
ALGORITMOS Y ESTRUCTURA DE DATOS,1,30,25,5,0
SISTEMAS OPERATIVOS,1,30,19,11,0
BASE DE DATOS,1,30,20,10,0
SISTEMAS OPERATIVOS,1,30,14,16,0
ORGANIZACION Y METODOS,1,30,30,0,0
COMPUTACION,1,30,27,3,0
SISTEMAS OPERATIVOS,1,30,30,0,0
COMUNICACION DE DATOS,1,30,28,2,0
REDES INFORMATICAS EMPRESARIALES I,1,30,29,1,0
METODOLOGIA DE LA PROGRAMACION,1,30,18,11,1
SISTEMAS DE INFORMACION II,1,30,30,0,0
PROYECTOS DE INVERSION EN T.I.,1,30,29,0,1
INGENIERIA DE INFORMACION,1,30,30,0,0
EPISTEMOLOGIA,1,30,28,2,0
EPISTEMOLOGIA,2,30,29,1,0
LENGUAJE Y TECNICAS DE COMUNICACION,2,30,30,0,0
COMUNICACION DE DATOS,1,30,23,7,0
AUDITORIA DE SISTEMAS,1,30,30,0,0
LENGUAJE Y TECNICAS DE COMUNICACION,2,30,30,0,0
INVESTIGACION DE OPERACIONES II,1,30,28,0,2
GERENCIA DE RECURSOS HUMANOS CON T.I.,1,30,30,0,0
TEORIA DE LENGUAJES Y COMPILADORES,1,30,26,2,2
SISTEMAS EXPERTOS,1,30,0,0,0
TECNOLOGIA DE OBJETOS,1,31,25,6,0
ELECTRONICA II,1,31,30,0,1
ELECTRONICA II,1,31,29,2,0
TEORIA DE LENGUAJES,1,31,28,1,2
INGENIERIA DE INFORMACION,1,31,30,1,0
INGENIERIA DE INFORMACION,1,31,27,2,2
METODOLOGIA DE LA INVESTIGACION CIENTIFICA,1,31,27,1,3
ELECTRONICA I,1,31,31,0,0
ARQUITECTURA DE COMPUTADORAS,1,31,31,0,0
INTELIGENCIA ARTIFICIAL,1,31,30,0,1
TECNOLOGIA DE OBJETOS,1,31,30,1,0
METODOLOGIA DE SISTEMAS,1,31,22,9,0
ADMINISTRACION DE EMPRESAS,1,31,30,1,0
ADMINISTRACION DE CENTROS DE INFORMACION,1,31,28,3,0
GESTION DEL CONOCIMIENTO,1,31,31,0,0
GESTION DEL CONOCIMIENTO,1,31,30,0,1
INTRODUCCION A LA INGENIERIA DE SISTEMAS,1,31,29,2,0
DINAMICA DE SISTEMAS I,2,31,18,9,4
INTELIGENCIA ARTIFICIAL,1,31,31,0,0
INVESTIGACION DE OPERACIONES II,1,31,28,1,2
SEMINARIO DE TESIS  II,1,31,31,0,0
REDES INFORMATICAS EMPRESARIALES  II,1,31,22,8,1
INVESTIGACION DE OPERACIONES II,2,31,24,7,0
SISTEMAS DE INFORMACION II,1,31,0,0,0
ESTRUCTURA DE DATOS,2,31,0,0,0
DISEÑO Y EVALUACION DE PROYECTOS,1,32,31,0,1
SIMULACION,1,32,31,0,1
TEORIA DE COMPILADORES,1,32,29,0,3
INVESTIGACION DE OPERACIONES  III,1,32,31,0,1
AUDITORIA DE SISTEMAS,1,32,29,0,3
TELEPROCESO,1,32,31,0,1
INGENIERIA ECONOMICA,1,32,28,4,0
MATEMATICA III,1,32,27,4,1
METODOLOGIA DE LA INVESTIGACION CIENTIFICA,1,32,31,0,1
LEGISLACION,1,32,29,1,2
TEORIA DE LENGUAJES,1,32,31,0,1
EPISTEMOLOGIA,2,32,27,5,0
INGENIERIA DE ANALISIS MULTIDIMENSIONAL,1,32,27,4,1
SEMINARIO METODOLOGIA DE LA INVESTIGACION,1,32,17,15,0
SISTEMAS OPERATIVOS,1,32,31,0,1
SISTEMAS DIGITALES,1,32,30,2,0
SISTEMAS DE INFORMACION   I,1,32,32,0,0
SEMINARIO METODOLOGIA DE LA INVESTIGACION,1,32,28,4,0
MATEMATICA I,1,32,30,1,1
ESTRUCTURA DE DATOS,1,32,18,12,2
TENDENCIAS TECNOLOGICAS,1,32,30,0,2
SEMINARIO DE TESIS  II,1,32,32,0,0
METODOLOGIA DE LA PROGRAMACION,2,32,16,16,0
REDES INFORMATICAS EMPRESARIALES I,1,32,32,0,0
TELECOMUNICACIONES,1,32,29,3,0
DINAMICA DE SISTEMAS I,1,32,20,5,7
ECONOMIA GENERAL,1,32,30,2,0
SISTEMAS DIGITALES,1,32,30,2,0
SEGURIDAD INFORMATICA,1,32,31,0,1
SEMINARIO DE TESIS  I,1,32,32,0,0
LENGUAJE Y TECNICAS DE COMUNICACION,1,32,29,3,0
INVESTIGACION DE OPERACIONES I,2,32,28,3,1
AUDITORIA DE SISTEMAS,1,33,33,0,0
INGENIERIA DE SOFTWARE,1,33,33,0,0
INVESTIGACION DE OPERACIONES  II,1,33,28,3,2
REINGENIERIA,1,33,33,0,0
TELEPROCESO,1,33,29,3,1
SISTEMAS DE INFORMACION II,1,33,31,1,1
SISTEMAS OPERATIVOS,1,33,29,2,2
REDES DE COMUNICACION,1,33,32,1,0
LENGUAJE DE MAQUINA,1,33,22,8,3
TALLER DE INGENIERIA DE INFORMACION,1,33,32,0,1
METODOLOGIA DE SISTEMAS,1,33,30,2,1
INVESTIGACION DE OPERACIONES  I,1,33,22,10,1
ELECTRONICA II,1,33,31,1,1
INTELIGENCIA ARTIFICIAL,1,33,32,0,1
DISEÑO Y EVALUACION DE PROYECTOS,1,33,33,0,0
TECNOLOGIA DE OBJETOS,1,33,32,1,0
INVESTIGACION DE OPERACIONES  II,1,33,31,1,1
METODOLOGIA DE LA INVESTIGACION CIENTIFICA,1,33,22,11,0
INVESTIGACION DE OPERACIONES  III,1,33,30,3,0
EPISTEMOLOGIA,1,33,17,8,8
INGENIERIA DE SOFTWARE,1,33,33,0,0
DIBUJO EN INGENIERIA DE SISTEMAS,1,33,26,4,3
DIBUJO EN INGENIERIA DE SISTEMAS,2,33,29,4,0
DERECHO EMPRESARIAL INFORMATICO,1,33,31,2,0
MARKETING PARA TECNOLOGIAS DE INFORMACION,1,33,30,1,2
SEMINARIO METODOLOGIA DE LA INVESTIGACION,1,33,32,1,0
TELECOMUNICACIONES,1,33,31,2,0
MATEMATICA II,1,33,28,5,0
MATEMATICA I,2,33,16,15,2
ECONOMIA GENERAL,2,33,33,0,0
DINAMICA DE SISTEMAS I,1,33,16,12,5
FISICA II,1,33,26,7,0
AUDITORIA DE SISTEMAS,1,33,33,0,0
DINAMICA DE SISTEMAS II,1,33,31,2,0
TENDENCIAS TECNOLOGICAS,1,33,32,0,1
DINAMICA DE SISTEMAS II,2,33,30,3,0
INGENIERIA DE SOFTWARE,1,33,0,0,0
TENDENCIAS TECNOLOGICAS,1,33,0,0,0
ESTRUCTURA DE DATOS,1,33,0,0,0
DISEÑO Y EVALUACION DE PROYECTOS,1,34,32,2,0
SIMULACION,1,34,25,4,5
ESTADISTICA Y PROBABILIDAD,1,34,20,6,8
TALLER DE INGENIERIA DE INFORMACION,1,34,34,0,0
INVESTIGACION OPERACIONES I,1,34,31,1,2
SISTEMAS DIGITALES,1,34,34,0,0
INTELIGENCIA ARTIFICIAL,1,34,33,1,0
ARQUITECTURA DE COMPUTADORAS,1,34,33,1,0
ORGANIZACION DE ARCHIVOS,1,34,31,3,0
METODOS DE PREDICCION,1,34,31,0,3
MICROCOMPUTACION III,1,34,27,7,0
INTELIGENCIA ARTIFICIAL,1,34,33,1,0
SISTEMAS DE INFORMACION   I,1,34,34,0,0
DISEÑO Y EVALUACION DE PROYECTOS,1,34,34,0,0
LENGUAJE DE MAQUINA,1,34,33,1,0
AUDITORIA DE SISTEMAS,1,34,34,0,0
SISTEMAS OPERATIVOS,1,34,32,2,0
ESTADISTICA PARA INGENIEROS,1,34,25,3,6
SIMULACION,1,34,30,2,2
TEORIA DE LENGUAJES Y COMPILADORES,1,34,29,2,3
MATEMATICA II,1,34,31,2,1
GESTION DEL CONOCIMIENTO,1,34,32,0,2
FISICA II,1,34,24,10,0
TELECOMUNICACIONES,1,34,33,1,0
AUDITORIA DE SISTEMAS,1,34,0,0,0
TECNOLOGIA DE OBJETOS,1,35,34,0,1
REINGENIERIA,1,35,34,0,1
SISTEMAS DE INFORMACION   I,1,35,31,4,0
SISTEMAS DE INFORMACION   I,1,35,23,9,3
ARQUITECTURA DE COMPUTADORAS,1,35,33,2,0
INTELIGENCIA ARTIFICIAL,1,35,35,0,0
LEGISLACION,1,35,33,0,2
TEORIA DE COMPILADORES,1,35,26,9,0
TELEPROCESO,1,35,35,0,0
TEORIA DE LENGUAJES,1,35,34,0,1
INGENIERIA DE SOFTWARE,1,35,33,2,0
METODOS DE PREDICCION,1,35,33,0,2
INVESTIGACION DE OPERACIONES  I,1,35,35,0,0
INTRODUCCION A LA INGENIERIA DE SISTEMAS,2,35,31,1,3
ELECTRONICA DIGITAL,1,35,17,18,0
MATEMATICA I,1,35,31,3,1
INTELIGENCIA ARTIFICIAL,1,35,23,12,0
GERENCIA DE RECURSOS HUMANOS CON T.I.,1,35,34,0,1
REINGENIERIA,1,35,29,4,2
GESTION DEL CONOCIMIENTO,1,35,33,2,0
AUDITORIA DE SISTEMAS,1,35,35,0,0
SIMULACION DE SISTEMAS,1,35,28,6,1
MATEMATICA APLICADA A LAS T.I,1,35,27,4,4
ADMINISTRACION DE PROYECTOS DE SISTEMAS,1,35,32,3,0
TENDENCIAS TECNOLOGICAS,1,35,35,0,0
SEGURIDAD INFORMATICA,1,35,35,0,0
INGENIERIA DE INFORMACION,1,35,35,0,0
COMPUTACION I,1,35,33,2,0
SIMULACION DE SISTEMAS,1,35,32,1,2
SEGURIDAD INFORMATICA,1,35,35,0,0
SEMINARIO METODOLOGIA DE LA INVESTIGACION,1,36,34,2,0
ADMINISTRACION DE CENTROS DE INFORMACION,1,36,36,0,0
ALGORITMOS Y ESTRUCTURA DE DATOS,1,36,29,2,5
ORGANIZACION Y METODOS,1,36,32,4,0
ESTADISTICA Y PROBABILIDAD,1,36,34,2,0
AUDITORIA DE SISTEMAS,1,36,36,0,0
INVESTIGACION DE OPERACIONES  I,1,36,34,2,0
TEORIA DE COMPILADORES,1,36,33,2,1
METODOS NUMERICOS,1,36,31,1,4
REINGENIERIA,1,36,31,3,2
SISTEMAS DE INFORMACION II,1,36,34,2,0
REDES DE COMUNICACION,1,36,33,0,3
SISTEMAS DE INFORMACION II,1,36,29,7,0
INGENIERIA DE INFORMACION,1,36,30,6,0
TELEPROCESO,1,36,35,1,0
ESTADISTICA PARA INGENIEROS,2,36,28,8,0
LOGICO MATEMATICA,1,36,31,1,4
SIMULACION DE SISTEMAS,1,36,26,7,3
SEMINARIO DE TESIS  I,1,36,36,0,0
SEMINARIO DE TESIS  II,1,36,36,0,0
TENDENCIAS TECNOLOGICAS,1,36,35,0,1
SISTEMAS DE INFORMACION II,1,36,36,0,0
SEMINARIO DE TESIS  I,1,36,36,0,0
ESTADISTICA PARA INGENIEROS,2,36,30,6,0
FISICA II,2,36,36,0,0
SISTEMAS DE INFORMACION II,1,36,31,5,0
ECOLOGIA Y MEDIO AMBIENTE,1,36,29,6,1
INVESTIGACION DE OPERACIONES I,1,36,34,2,0
GEOMETRIA  ANALITICA,2,36,15,5,16
INGENIERIA DE SOFTWARE,1,37,33,3,1
SISTEMAS DE INFORMACION II,1,37,36,1,0
FISICA I,1,37,37,0,0
TEORIA DE COMPILADORES,1,37,29,7,1
INVESTIGACION DE OPERACIONES  III,1,37,27,9,1
METODOLOGIA DE SISTEMAS,1,37,34,1,2
INVESTIGACION DE OPERACIONES  I,1,37,33,4,0
INVESTIGACION OPERACIONES II,1,37,29,8,0
AUDITORIA DE SISTEMAS,1,37,37,0,0
AUDITORIA DE SISTEMAS,1,37,36,0,1
REDES DE COMUNICACION,1,37,35,2,0
ADMINISTRACION DE EMPRESAS,1,37,37,0,0
ADMINISTRACION DE CENTROS DE INFORMACION,1,37,37,0,0
REINGENIERIA,1,37,35,2,0
TEORIA DE COMPILADORES,1,37,35,2,0
INGENIERIA DE SOFTWARE,1,37,37,0,0
SISTEMAS DIGITALES,1,37,23,14,0
AUDITORIA DE SISTEMAS,1,37,33,4,0
INGENIERIA DE INFORMACION,1,37,35,2,0
TALLER DE INGENIERIA DE INFORMACION,1,37,28,8,1
SEMINARIO DE TESIS  I,1,37,32,5,0
ELECTRONICA DIGITAL,1,37,31,6,0
AUDITORIA DE SISTEMAS,1,37,37,0,0
SEGURIDAD INFORMATICA,1,37,36,1,0
MATEMATICA I,1,37,18,15,4
TELECOMUNICACIONES,1,37,35,2,0
SISTEMAS EXPERTOS,1,37,36,1,0
SEMINARIO DE TESIS  II,1,37,36,0,1
GEOMETRIA ANALITICA,1,37,32,2,3
ADMINISTRACION DE PROYECTOS DE SISTEMAS,1,37,35,2,0
QUIMICA  I,1,37,0,0,0
ORGANIZACION DE ARCHIVOS,1,38,35,1,2
FISICA II,1,38,31,3,4
SISTEMAS OPERATIVOS,1,38,33,5,0
MICROCOMPUTACION IV,1,38,35,3,0
INVESTIGACION DE OPERACIONES  III,1,38,23,14,1
SISTEMAS DIGITALES,1,38,34,4,0
INGENIERIA DE INFORMACION,1,38,29,7,2
METODOS NUMERICOS,1,38,35,2,1
ALGORITMOS Y ESTRUCTURA DE DATOS,1,38,31,5,2
COMPUTACION,1,38,33,2,3
METODOLOGIA DE LA INVESTIGACION CIENTIFICA,2,38,30,8,0
INTRODUCCION A LA INGENIERIA DE SISTEMAS,1,38,30,3,5
TELEPROCESO,1,38,38,0,0
TALLER DE INGENIERIA DE INFORMACION,1,38,38,0,0
COMPUTACION I,1,38,37,1,0
ENSAMBLAJE Y MANTENIMIENTO DE COMPUTADORAS,1,38,38,0,0
TALLER DE INGENIERIA DE INFORMACION,1,38,32,6,0
GESTION EMPRESARIAL DE SISTEMAS,1,38,28,4,6
SISTEMAS DE INFORMACION I,1,38,30,8,0
SISTEMAS DIGITALES,1,38,35,3,0
ARQUITECTURA DE COMPUTADORAS,1,38,38,0,0
FISICA I,1,38,38,0,0
INGENIERIA DE SOFTWARE,1,38,38,0,0
INGENIERIA DE INFORMACION,1,38,38,0,0
DINAMICA DE SISTEMAS I,2,38,30,6,2
FISICA I,1,38,29,9,0
INGENIERIA DE ANALISIS MULTIDIMENSIONAL,2,38,36,2,0
GEOMETRIA ANALITICA,3,38,28,5,5
COMPUTACION II,1,38,30,7,1
ESTADISTICA PARA INGENIEROS,1,38,31,6,1
ESTADISTICA PARA INGENIEROS,2,38,24,11,3
QUIMICA  I,2,38,0,0,0
ADMINISTRACION DE CENTROS DE INFORMACION,1,39,39,0,0
SIMULACION,1,39,39,0,0
TEORIA DE LENGUAJES,1,39,34,0,5
INGENIERIA DE SOFTWARE,1,39,36,2,1
MICROCOMPUTACION III,1,39,38,0,1
SISTEMAS DE INFORMACION II,1,39,35,3,1
COSTOS Y PRESUPUESTOS,1,39,37,1,1
ELECTRONICA II,1,39,25,14,0
FISICA II,1,39,36,3,0
SIMULACION,1,39,37,2,0
REDES DE COMUNICACION,1,39,36,3,0
SISTEMAS OPERATIVOS,1,39,36,3,0
INGENIERIA DE INFORMACION,1,39,37,1,1
INGENIERIA DE ANALISIS MULTIDIMENSIONAL,1,39,31,3,5
INTELIGENCIA ARTIFICIAL,1,39,25,13,1
SEGURIDAD INFORMATICA,1,39,38,0,1
BIOINFORMATICA,1,39,32,4,3
SISTEMAS DE INFORMACION II,1,39,39,0,0
GESTION DEL CONOCIMIENTO,1,39,39,0,0
SISTEMAS EXPERTOS,1,39,36,3,0
INGENIERIA DE SOFTWARE,1,39,39,0,0
ESTRUCTURA DE DATOS,1,39,34,3,2
CALCULO DIFERENCIAL,1,39,37,0,2
CALCULO DIFERENCIAL,2,39,36,3,0
INGENIERIA DE ANALISIS MULTIDIMENSIONAL,1,39,35,1,3
GESTION DEL CONOCIMIENTO,1,39,39,0,0
INGENIERIA DE SOFTWARE,1,39,39,0,0
SEMINARIO DE TESIS  I,1,39,38,1,0
INTELIGENCIA ARTIFICIAL,1,39,39,0,0
SEMINARIO DE TESIS  II,1,39,0,0,0
SEMINARIO METODOLOGIA DE LA INVESTIGACION,1,40,33,5,2
LENGUAJE DE MAQUINA,1,40,28,10,2
SISTEMAS DE INFORMACION II,1,40,37,0,3
INGENIERIA DE INFORMACION,1,40,40,0,0
INGENIERIA DE INFORMACION,1,40,30,5,5
METODOLOGIA DE SISTEMAS,1,40,40,0,0
INVESTIGACION DE OPERACIONES  III,1,40,40,0,0
FISICA III,1,40,35,3,2
ELECTRONICA I,1,40,34,5,1
MATEMATICA III,1,40,33,5,2
COMPUTACION,1,40,31,6,3
SISTEMAS DE INFORMACION   I,1,40,37,2,1
ESTADISTICA Y PROBABILIDAD,1,40,32,6,2
INGENIERIA DE INFORMACION,1,40,40,0,0
ADMINISTRACION DE CENTROS DE INFORMACION,1,40,40,0,0
SISTEMAS OPERATIVOS,2,40,38,2,0
BIOINFORMATICA,1,40,40,0,0
COMPUTACION II,1,40,24,5,11
SISTEMAS OPERATIVOS,1,40,29,9,2
SISTEMAS DE INFORMACION I,1,40,35,4,1
ADMINISTRACION DE PROYECTOS DE SISTEMAS,1,40,38,2,0
COMUNICACION DE DATOS,1,40,30,10,0
INGENIERIA DE SOFTWARE,1,40,40,0,0
DIBUJO DE INGENIERIA,1,40,37,1,2
INTELIGENCIA ARTIFICIAL,1,40,39,0,1
DIBUJO DE INGENIERIA,2,40,34,6,0
CREATIVIDAD E INNOVACION,2,40,39,1,0
INGENIERIA DE INFORMACION,1,40,40,0,0
SISTEMAS OPERATIVOS,1,40,27,13,0
GESTION DEL CONOCIMIENTO,1,40,0,0,0
SEMINARIO METODOLOGIA DE LA INVESTIGACION,1,41,29,1,11
FISICA II,1,41,32,2,7
SISTEMAS DE INFORMACION   I,1,41,37,3,1
BASE DE DATOS,1,41,30,4,7
REDES DE COMUNICACION,1,41,33,8,0
METODOLOGIA DE SISTEMAS,1,41,41,0,0
ELECTRONICA I,1,41,30,11,0
LEGISLACION,1,41,39,0,2
FISICA III,1,41,32,8,1
INVESTIGACION DE OPERACIONES  I,1,41,40,0,1
METODOLOGIA DE SISTEMAS,1,41,31,2,8
SISTEMAS OPERATIVOS,1,41,38,3,0
MATEMATICA III,1,41,30,9,2
COMPUTACION,1,41,33,8,0
LEGISLACION,1,41,38,3,0
ELECTRONICA I,1,41,38,3,0
TALLER DE INGENIERIA DE INFORMACION,1,41,41,0,0
FISICA III,1,41,27,11,3
ELECTRONICA II,1,41,37,4,0
DISEÑO Y EVALUACION DE PROYECTOS,1,41,38,3,0
ADMINISTRACION DE CENTROS DE INFORMACION,1,41,36,5,0
SISTEMAS DE INFORMACION II,1,41,35,6,0
INVESTIGACION DE OPERACIONES I,2,41,36,5,0
INTELIGENCIA ARTIFICIAL,1,41,40,1,0
MARKETING PARA TECNOLOGIAS DE INFORMACION,1,41,37,4,0
METODOLOGIA DE LA PROGRAMACION,1,41,32,3,6
REDES INFORMATICAS EMPRESARIALES I,1,41,40,1,0
SISTEMAS DE INFORMACION I,1,41,39,2,0
SISTEMAS DE INFORMACION I,1,41,36,5,0
ADMINISTRACION DE PROYECTOS DE SISTEMAS,1,41,37,4,0
ELECTRONICA DIGITAL,1,41,31,10,0
BASE DE DATOS,1,41,29,10,2
ECOLOGIA Y MEDIO AMBIENTE,2,41,40,1,0
FISICA  I,2,41,34,6,1
FISICA  II,1,41,35,6,0
SISTEMAS DE INFORMACION I,1,41,29,12,0
SISTEMAS DIGITALES,1,41,40,1,0
FISICA  II,2,41,23,18,0
INVESTIGACION DE OPERACIONES  II,1,42,31,9,2
METODOS NUMERICOS,1,42,39,2,1
FISICA II,1,42,39,3,0
REINGENIERIA,1,42,41,0,1
INTELIGENCIA ARTIFICIAL,1,42,42,0,0
FISICA I,1,42,37,3,2
SISTEMAS DE INFORMACION   I,1,42,41,1,0
BASE DE DATOS,1,42,24,18,0
REINGENIERIA,1,42,39,0,3
ESTADISTICA Y PROBABILIDAD,1,42,38,4,0
TALLER DE INGENIERIA DE INFORMACION,1,42,36,5,1
TEORIA DE LENGUAJES,1,42,42,0,0
ADMINISTRACION DE EMPRESAS,1,42,38,0,4
FISICA III,1,42,39,1,2
ECONOMIA GENERAL,1,42,40,0,2
BASE DE DATOS,1,42,31,10,1
LENGUAJE DE MAQUINA,1,42,30,12,0
ESTRUCTURA DE DATOS,1,42,28,12,2
SISTEMAS EXPERTOS,1,42,42,0,0
REDES DE COMUNICACION,1,42,37,4,1
REDES INFORMATICAS EMPRESARIALES  II,1,42,39,3,0
COMPUTACION II,1,42,34,5,3
DINAMICA DE SISTEMAS II,1,42,35,4,3
SISTEMAS EXPERTOS,1,42,42,0,0
FISICA  I,1,42,33,9,0
REDES INFORMATICAS EMPRESARIALES I,1,42,42,0,0
ALGORITMOS,2,42,32,0,10
ALGORITMOS,1,42,30,3,9
METODOS DE PREDICCION,1,43,38,2,3
INGENIERIA DE SOFTWARE,1,43,40,0,3
SISTEMAS OPERATIVOS,1,43,37,5,1
ELECTRONICA I,1,43,38,5,0
METODOLOGIA DE LA INVESTIGACION CIENTIFICA,1,43,39,2,2
LEGISLACION,1,43,36,1,6
ADMINISTRACION DE EMPRESAS,1,43,43,0,0
ADMINISTRACION DE EMPRESAS,1,43,41,0,2
FISICA I,1,43,37,6,0
TEORIA DE COMPILADORES,1,43,42,1,0
SEMINARIO METODOLOGIA DE LA INVESTIGACION,1,43,39,4,0
ORGANIZACION DE ARCHIVOS,1,43,43,0,0
INGENIERIA DE INFORMACION,1,43,38,5,0
DINAMICA DE SISTEMAS I,2,43,36,5,2
BASE DE DATOS,1,43,35,8,0
METODOLOGIA DE LA PROGRAMACION,1,43,24,19,0
SISTEMAS DE INFORMACION I,1,43,41,2,0
SISTEMAS EXPERTOS,1,43,41,1,1
BASE DE DATOS,1,43,33,6,4
SISTEMAS OPERATIVOS,1,43,26,14,3
REDES INFORMATICAS EMPRESARIALES  II,1,43,42,1,0
SISTEMAS DE INFORMACION I,1,43,41,2,0
SISTEMAS DE INFORMACION II,1,43,40,3,0
QUIMICA GENERAL,2,43,33,10,0
MATEMATICA II,1,44,34,8,2
LENGUAJE DE MAQUINA,1,44,27,16,1
REDES DE COMUNICACION,1,44,41,3,0
COSTOS Y PRESUPUESTOS,1,44,43,0,1
LEGISLACION,1,44,43,0,1
INVESTIGACION DE OPERACIONES  I,1,44,32,10,2
ADMINISTRACION DE EMPRESAS,1,44,43,1,0
INVESTIGACION DE OPERACIONES  I,1,44,31,13,0
AUDITORIA DE SISTEMAS,1,44,43,0,1
INGENIERIA DE INFORMACION,1,44,44,0,0
INVESTIGACION DE OPERACIONES  III,1,44,27,17,0
METODOLOGIA DE LA INVESTIGACION CIENTIFICA,1,44,37,3,4
SEMINARIO METODOLOGIA DE LA INVESTIGACION,1,44,38,1,5
ECONOMIA GENERAL,1,44,31,4,9
METODOLOGIA DE LA INVESTIGACION CIENTIFICA,1,44,37,4,3
DINAMICA DE SISTEMAS I,1,44,34,5,5
ESTRUCTURA DE DATOS,2,44,38,3,3
SIMULACION,1,44,41,1,2
SISTEMAS DE INFORMACION II,1,44,43,1,0
INVESTIGACION DE OPERACIONES II,1,44,34,6,4
DINAMICA DE SISTEMAS II,1,44,28,8,8
GESTION EMPRESARIAL DE SISTEMAS,1,44,41,1,2
INTELIGENCIA ARTIFICIAL,1,44,43,0,1
ELECTRONICA DIGITAL,1,44,34,10,0
REDES INFORMATICAS EMPRESARIALES I,1,44,43,1,0
ESTADISTICA PARA INGENIEROS,1,44,40,4,0
QUIMICA GENERAL,1,44,41,1,2
LENGUAJE DE MAQUINA,1,45,25,18,2
TELEPROCESO,1,45,42,3,0
TEORIA DE COMPILADORES,1,45,42,0,3
COSTOS Y PRESUPUESTOS,1,45,45,0,0
MICROCOMPUTACION IV,1,45,42,1,2
METODOLOGIA DE LA INVESTIGACION CIENTIFICA,1,45,40,2,3
MATEMATICA III,1,45,26,18,1
MICROCOMPUTACION IV,1,45,39,6,0
CONTABILIDAD GENERAL,1,45,43,0,2
COSTOS Y PRESUPUESTOS,1,45,45,0,0
TEORIA DE LENGUAJES,1,45,45,0,0
CONTABILIDAD GENERAL,1,45,41,4,0
INGENIERIA DE SOFTWARE,1,45,44,0,1
TALLER DE INGENIERIA DE INFORMACION,1,45,45,0,0
TELEPROCESO,1,45,25,17,3
INVESTIGACION DE OPERACIONES II,1,45,40,4,1
BASE DE DATOS,1,45,38,5,2
ARQUITECTURA DE COMPUTADORAS,1,45,37,8,0
MARKETING PARA TECNOLOGIAS DE INFORMACION,1,45,42,3,0
ARQUITECTURA DE COMPUTADORAS,1,45,45,0,0
METODOLOGIA DE LA PROGRAMACION,1,45,34,11,0
REDES INFORMATICAS EMPRESARIALES  II,1,45,39,6,0
REDES INFORMATICAS EMPRESARIALES  II,1,45,0,0,0
METODOLOGIA DE LA PROGRAMACION,1,46,37,8,1
ELECTRONICA II,1,46,31,15,0
MATEMATICA III,1,46,42,3,1
MICROCOMPUTACION III,1,46,43,2,1
MICROCOMPUTACION IV,1,46,41,4,1
ECONOMIA GENERAL,1,46,44,0,2
CONTABILIDAD GENERAL,1,46,45,0,1
ARQUITECTURA DE COMPUTADORAS,1,46,45,0,1
INGENIERIA DE SOFTWARE,1,46,27,17,2
ARQUITECTURA DE COMPUTADORAS,1,46,45,0,1
MATEMATICA II,1,46,19,23,4
INGENIERIA ECONOMICA,1,46,35,11,0
METODOLOGIA DE LA INVESTIGACION CIENTIFICA,1,46,35,5,6
ESTADISTICA Y PROBABILIDAD,1,46,44,0,2
ARQUITECTURA DE COMPUTADORAS,1,46,44,2,0
MICROCOMPUTACION IV,1,46,42,2,2
INVESTIGACION DE OPERACIONES  III,1,46,37,9,0
SISTEMAS DIGITALES,1,46,44,2,0
AUDITORIA DE SISTEMAS,1,46,46,0,0
TELEPROCESO,1,46,42,2,2
BASE DE DATOS,1,46,31,15,0
SISTEMAS DE INFORMACION I,1,46,42,3,1
DISEÑO Y EVALUACION DE PROYECTOS,1,46,44,2,0
ELECTRONICA DIGITAL,1,46,35,11,0
INGENIERIA DE SOFTWARE,1,46,43,3,0
MATEMATICA APLICADA A LAS T.I,1,46,45,0,1
MARKETING PARA TECNOLOGIAS DE INFORMACION,1,46,44,2,0
ARQUITECTURA DE COMPUTADORAS,1,46,37,9,0
SISTEMAS EXPERTOS,1,46,45,0,1
INGENIERIA DE ANALISIS MULTIDIMENSIONAL,1,46,39,3,4
GESTION EMPRESARIAL DE SISTEMAS,1,46,44,0,2
SIMULACION DE SISTEMAS,1,46,39,6,1
INVESTIGACION DE OPERACIONES I,1,46,0,0,0
INGENIERIA ECONOMICA,1,47,42,3,2
FISICA I,1,47,35,7,5
REINGENIERIA,1,47,35,9,3
TELEPROCESO,1,47,45,1,1
TEORIA DE LENGUAJES,1,47,21,21,5
MICROCOMPUTACION II,1,47,45,2,0
LENGUAJE DE MAQUINA,1,47,33,8,6
ORGANIZACION Y METODOS,1,47,46,0,1
TECNICAS DE REDACCION Y COMUNICACION,1,47,45,0,2
CONTABILIDAD GENERAL,1,47,46,0,1
COMPUTACION,1,47,42,3,2
METODOS NUMERICOS,1,47,45,2,0
SISTEMAS DIGITALES,1,47,44,3,0
ADMINISTRACION DE CENTROS DE INFORMACION,1,47,47,0,0
SISTEMAS DE INFORMACION   I,1,47,45,1,1
DISEÑO Y EVALUACION DE PROYECTOS,1,47,45,0,2
SISTEMAS DE INFORMACION II,1,47,43,4,0
INVESTIGACION DE OPERACIONES  II,1,47,27,20,0
ARQUITECTURA DE COMPUTADORAS,1,47,47,0,0
TEORIA DE COMPILADORES,1,47,39,8,0
INVESTIGACION DE OPERACIONES  III,1,47,40,7,0
TEORIA DE LENGUAJES Y COMPILADORES,1,47,47,0,0
ARQUITECTURA DE COMPUTADORAS,1,47,40,7,0
INGENIERIA DE ANALISIS MULTIDIMENSIONAL,1,47,38,2,7
SISTEMAS DIGITALES,1,47,47,0,0
COMPUTACION I,1,47,45,2,0
INVESTIGACION DE OPERACIONES I,2,47,0,0,0
DISEÑO Y EVALUACION DE PROYECTOS,1,48,47,1,0
MATEMATICA II,1,48,26,17,5
INGENIERIA ECONOMICA,1,48,42,4,2
ALGORITMOS Y ESTRUCTURA DE DATOS,1,48,39,4,5
MICROCOMPUTACION II,1,48,45,2,1
INGLES TECNICO I,1,48,45,2,1
ELECTRONICA I,1,48,44,4,0
ADMINISTRACION DE EMPRESAS,1,48,46,0,2
ADMINISTRACION DE EMPRESAS,1,48,45,3,0
SISTEMAS DIGITALES,1,48,45,0,3
SISTEMAS DIGITALES,1,48,48,0,0
FISICA II,1,48,44,2,2
MICROCOMPUTACION IV,1,48,43,3,2
INVESTIGACION DE OPERACIONES  I,1,48,29,19,0
ECONOMIA GENERAL,1,48,43,0,5
METODOLOGIA DE SISTEMAS,1,48,41,5,2
METODOLOGIA DE SISTEMAS,1,48,44,3,1
METODOLOGIA DE LA PROGRAMACION,1,48,26,22,0
ADMINISTRACION DE PROYECTOS DE SISTEMAS,1,48,43,4,1
FISICA I,1,48,41,7,0
BIOINFORMATICA,1,48,43,5,0
BIOINFORMATICA,1,48,45,1,2
CREATIVIDAD E INNOVACION,1,48,46,2,0
COMUNICACION DE DATOS,1,48,0,0,0
ALGORITMOS Y ESTRUCTURA DE DATOS,1,49,24,19,6
ELECTRONICA II,1,49,32,17,0
FISICA I,1,49,46,2,1
ESTADISTICA Y PROBABILIDAD,1,49,43,6,0
COSTOS Y PRESUPUESTOS,1,49,49,0,0
INGLES TECNICO II,1,49,40,8,1
MICROCOMPUTACION III,1,49,45,4,0
INGLES TECNICO II,1,49,46,0,3
ECONOMIA GENERAL,1,49,48,0,1
ECONOMIA GENERAL,1,49,43,2,4
MICROCOMPUTACION I,1,49,46,2,1
CONTABILIDAD GENERAL,1,49,45,0,4
COMPUTACION,1,49,43,1,5
INVESTIGACION DE OPERACIONES  I,1,49,36,13,0
METODOS DE PREDICCION,1,49,41,5,3
TEORIA DE LENGUAJES,1,49,49,0,0
FISICA III,1,49,42,6,1
MICROCOMPUTACION II,1,49,44,1,4
ELECTRONICA I,1,49,36,13,0
INTELIGENCIA ARTIFICIAL,1,49,49,0,0
SISTEMAS OPERATIVOS,1,49,33,11,5
INVESTIGACION DE OPERACIONES  II,1,49,36,13,0
ESTRUCTURA DE DATOS,1,49,30,15,4
COMUNICACION DE DATOS,1,49,41,7,1
PSICOLOGIA ORGANIZACIONAL,1,49,45,1,3
COMUNICACION DE DATOS,1,49,46,3,0
TEORIA DE LENGUAJES Y COMPILADORES,1,49,41,6,2
ALGORITMOS Y ESTRUCTURA DE DATOS,1,50,28,16,6
METODOLOGIA DE LA PROGRAMACION,1,50,47,1,2
INGLES TECNICO II,1,50,44,2,4
TECNICAS DE REDACCION Y COMUNICACION,1,50,45,2,3
ORGANIZACION Y METODOS,1,50,48,0,2
MICROCOMPUTACION I,1,50,45,2,3
METODOS DE PREDICCION,1,50,36,10,4
BASE DE DATOS,1,50,40,9,1
INVESTIGACION DE OPERACIONES  II,1,50,44,6,0
INGENIERIA DE SOFTWARE,1,50,50,0,0
METODOS DE PREDICCION,1,50,48,2,0
FISICA III,1,50,40,7,3
MATEMATICA II,1,50,29,16,5
ORGANIZACION Y METODOS,1,50,40,5,5
SIMULACION,1,50,47,0,3
LENGUAJE Y TECNICAS DE COMUNICACION,1,50,49,1,0
ECONOMIA GENERAL,1,50,44,6,0
METODOLOGIA DE LA INVESTIGACION CIENTIFICA,1,50,44,6,0
DINAMICA DE SISTEMAS II,1,50,34,6,10
BASE DE DATOS,1,50,31,11,8
PSICOLOGIA ORGANIZACIONAL,1,50,41,5,4
ECONOMIA GENERAL,1,50,42,3,5
BIOINFORMATICA,1,50,43,7,0
MATEMATICA II,1,50,33,13,4
MARKETING PARA TECNOLOGIAS DE INFORMACION,1,50,48,2,0
ESTRUCTURA DE DATOS,1,50,43,3,4
SISTEMAS DIGITALES,1,50,48,2,0
METODOS NUMERICOS,1,51,46,3,2
ORGANIZACION DE ARCHIVOS,1,51,49,0,2
METODOLOGIA DE LA PROGRAMACION,1,51,47,3,1
ELECTRONICA II,1,51,48,0,3
METODOS NUMERICOS,1,51,47,4,0
DIBUJO EN INGENIERIA,1,51,46,0,5
INGLES TECNICO I,1,51,45,0,6
ELECTRONICA I,1,51,46,2,3
MICROCOMPUTACION I,1,51,49,0,2
FISICA II,1,51,44,5,2
ORGANIZACION DE ARCHIVOS,1,51,49,2,0
MICROCOMPUTACION II,1,51,32,12,7
DIBUJO EN INGENIERIA DE SISTEMAS,1,51,45,5,1
BASE DE DATOS,1,51,43,8,0
DINAMICA DE SISTEMAS I,1,51,40,9,2
ELECTRONICA DIGITAL,1,51,47,4,0
METODOLOGIA DE LA INVESTIGACION CIENTIFICA,1,51,43,7,1
MATEMATICA II,1,51,18,20,13
INGENIERIA DE ANALISIS MULTIDIMENSIONAL,1,51,37,8,6
GESTION EMPRESARIAL DE SISTEMAS,1,51,41,5,5
FISICA II,1,51,36,15,0
ENSAMBLAJE Y MANTENIMIENTO DE COMPUTADORAS,1,51,45,6,0
INVESTIGACION DE OPERACIONES I,1,51,32,19,0
COMPUTACION I,1,51,50,1,0
BIOINFORMATICA,1,51,47,3,1
INVESTIGACION DE OPERACIONES I,1,51,33,13,5
INVESTIGACION DE OPERACIONES II,1,51,46,5,0
MATEMATICA II,1,51,50,0,1
METODOLOGIA DE LA INVESTIGACION CIENTIFICA,1,51,46,0,5
ENSAMBLAJE Y MANTENIMIENTO DE COMPUTADORAS,1,51,49,2,0
FISICA I,1,52,48,1,3
BASE DE DATOS,1,52,44,4,4
METODOLOGIA DE LA INVESTIGACION CIENTIFICA,1,52,35,11,6
ECONOMIA GENERAL,1,52,48,0,4
MICROCOMPUTACION I,1,52,51,1,0
CONTABILIDAD GENERAL,1,52,48,0,4
INGLES TECNICO I,1,52,48,2,2
SISTEMAS DIGITALES,1,52,35,17,0
INGLES TECNICO II,1,52,42,5,5
MICROCOMPUTACION III,1,52,45,6,1
METODOLOGIA DE LA PROGRAMACION,1,52,38,9,5
METODOLOGIA DE LA PROGRAMACION,1,52,49,3,0
COMPUTACION I,1,52,45,7,0
GESTION EMPRESARIAL DE SISTEMAS,1,52,43,7,2
ELECTRONICA DIGITAL,1,52,44,8,0
DINAMICA DE SISTEMAS II,1,52,32,8,12
INVESTIGACION DE OPERACIONES II,1,52,44,8,0
ESTRUCTURA DE DATOS,1,52,36,12,4
EPISTEMOLOGIA,1,52,43,9,0
LENGUAJE Y TECNICAS DE COMUNICACION,1,52,51,1,0
ECONOMIA GENERAL,1,52,24,22,6
SISTEMAS OPERATIVOS,1,52,39,7,6
MATEMATICA II,1,53,32,19,2
METODOLOGIA DE LA PROGRAMACION,1,53,48,3,2
MICROCOMPUTACION II,1,53,49,3,1
ALGORITMOS Y ESTRUCTURA DE DATOS,1,53,35,16,2
ESTADISTICA Y PROBABILIDAD,1,53,52,0,1
COSTOS Y PRESUPUESTOS,1,53,49,3,1
LOGICA MATEMATICA,1,53,46,6,1
METODOS DE PREDICCION,1,53,44,5,4
INVESTIGACION DE OPERACIONES  I,1,53,35,18,0
SEMINARIO METODOLOGIA DE LA INVESTIGACION,1,53,34,19,0
ALGORITMOS Y ESTRUCTURA DE DATOS,1,53,33,18,2
FISICA I,1,53,48,1,4
MICROCOMPUTACION I,1,53,52,0,1
SISTEMAS DE INFORMACION   I,1,53,51,1,1
SISTEMAS DE INFORMACION II,1,53,42,8,3
REINGENIERIA,1,53,49,1,3
LOGICO MATEMATICA,1,53,41,9,3
COMPUTACION I,1,53,49,2,2
COMPUTACION II,1,53,33,15,5
ESTRUCTURA DE DATOS,1,53,39,12,2
INVESTIGACION DE OPERACIONES I,1,53,44,6,3
ESTADISTICA PARA INGENIEROS,1,53,42,6,5
PSICOLOGIA ORGANIZACIONAL,1,53,46,1,6
DINAMICA DE SISTEMAS II,1,53,41,9,3
FISICA II,1,54,50,3,1
INGLES TECNICO I,1,54,51,1,2
ELECTRONICA I,1,54,39,14,1
LOGICA MATEMATICA,1,54,41,9,4
TECNICAS DE REDACCION Y COMUNICACION,1,54,48,1,5
INVESTIGACION DE OPERACIONES  III,1,54,53,0,1
MATEMATICA II,1,54,37,17,0
LENGUAJE DE MAQUINA,1,54,37,12,5
TECNICAS DE REDACCION Y COMUNICACION,1,54,44,8,2
DIBUJO EN INGENIERIA,1,54,50,4,0
FISICA I,1,54,48,5,1
INTELIGENCIA ARTIFICIAL,1,54,53,1,0
FISICA II,1,54,40,14,0
DINAMICA DE SISTEMAS II,1,54,42,9,3
INGENIERIA DE ANALISIS MULTIDIMENSIONAL,1,54,49,5,0
FISICA II,1,54,44,10,0
METODOLOGIA DE LA PROGRAMACION,1,54,47,4,3
LOGICO MATEMATICA,1,54,37,14,3
MATEMATICA APLICADA A LAS T.I,1,54,53,1,0
MATEMATICA APLICADA A LAS T.I,1,54,48,6,0
TEORIA DE LENGUAJES Y COMPILADORES,1,54,50,1,3
INVESTIGACION DE OPERACIONES  I,1,55,54,0,1
SEMINARIO METODOLOGIA DE LA INVESTIGACION,1,55,41,8,6
METODOLOGIA DE LA INVESTIGACION CIENTIFICA,1,55,50,0,5
DIBUJO EN INGENIERIA,1,55,47,8,0
ELECTRONICA II,1,55,47,8,0
DIBUJO EN INGENIERIA,1,55,47,5,3
ORGANIZACION Y METODOS,1,55,39,13,3
MATEMATICAS I,2,55,33,14,8
FISICA III,1,55,41,8,6
COMPUTACION,1,55,38,14,3
METODOLOGIA DE SISTEMAS,1,55,40,13,2
GESTION EMPRESARIAL DE SISTEMAS,1,55,50,2,3
MATEMATICA II,1,55,29,22,4
LENGUAJE Y TECNICAS DE COMUNICACION,1,55,46,6,3
FISICA I,1,55,41,14,0
SISTEMAS DIGITALES,1,55,46,9,0
ESTRUCTURA DE DATOS,1,55,31,12,12
LENGUAJE Y TECNICAS DE COMUNICACION,1,55,51,4,0
COMPUTACION II,1,55,34,14,7
METODOLOGIA DE LA INVESTIGACION CIENTIFICA,1,55,46,8,1
BASE DE DATOS,1,55,43,9,3
MATEMATICA I,1,55,38,14,3
DIBUJO EN INGENIERIA DE SISTEMAS,1,55,36,16,3
COMPUTACION II,1,55,43,5,7
COMUNICACION DE DATOS,1,55,44,10,1
INVESTIGACION DE OPERACIONES  II,1,56,29,25,2
INVESTIGACION DE OPERACIONES  II,1,56,40,14,2
INGENIERIA ECONOMICA,1,56,55,0,1
INGLES TECNICO II,1,56,50,0,6
INGLES TECNICO II,1,56,49,5,2
LOGICA MATEMATICA,1,56,49,5,2
ECONOMIA GENERAL,1,56,52,0,4
TECNICAS DE REDACCION Y COMUNICACION,1,56,50,0,6
INGLES TECNICO I,1,56,55,0,1
ALGEBRA LINEAL,1,56,37,2,17
BASE DE DATOS,1,56,46,6,4
COMPUTACION I,1,56,37,18,1
EPISTEMOLOGIA,1,56,51,1,4
DIBUJO EN INGENIERIA DE SISTEMAS,1,56,49,3,4
LOGICO MATEMATICA,1,56,31,25,0
DINAMICA DE SISTEMAS I,1,56,38,13,5
EPISTEMOLOGIA,1,56,52,4,0
ENSAMBLAJE Y MANTENIMIENTO DE COMPUTADORAS,1,56,52,4,0
TEORIA DE LENGUAJES Y COMPILADORES,1,56,42,13,1
SIMULACION DE SISTEMAS,1,56,44,6,6
INTRODUCCION A LA INGENIERIA DE SISTEMAS,1,56,54,2,0
BASE DE DATOS,1,56,45,10,1
CREATIVIDAD E INNOVACION TECNOLOGICA,1,56,0,0,0
TECNOLOGIAS DE INFORMACION Y DOCUMENTACION,1,56,0,0,0
FISICA II,1,57,49,5,3
ESTADISTICA Y PROBABILIDAD,1,57,43,9,5
MICROCOMPUTACION II,1,57,51,2,4
LOGICA MATEMATICA,1,57,40,15,2
CONTABILIDAD GENERAL,1,57,54,0,3
MATEMATICA II,1,57,22,20,15
METODOLOGIA DE LA PROGRAMACION,1,57,49,8,0
INGENIERIA ECONOMICA,1,57,51,6,0
METODOLOGIA DE LA PROGRAMACION,1,57,49,5,3
TECNOLOGIA DE OBJETOS,1,57,56,0,1
ESTADISTICA PARA INGENIEROS,1,57,32,21,4
FISICA II,1,57,34,23,0
ENSAMBLAJE Y MANTENIMIENTO DE COMPUTADORAS,1,57,55,2,0
ESTADISTICA PARA INGENIEROS,1,57,44,13,0
MATEMATICA I,1,57,48,5,4
INTRODUCCION A LA INGENIERIA DE SISTEMAS,1,57,55,2,0
COMPUTACION I,1,57,53,4,0
DIBUJO EN INGENIERIA DE SISTEMAS,1,57,53,3,1
ENSAMBLAJE Y MANTENIMIENTO DE COMPUTADORAS,1,57,57,0,0
INVESTIGACION DE OPERACIONES I,1,57,26,23,8
MARKETING PARA TECNOLOGIAS DE INFORMACION,1,57,56,1,0
ARQUITECTURA DE COMPUTADORAS,1,57,0,0,0
ARQUITECTURA DE COMPUTADORAS,1,57,0,0,0
ALGEBRA LINEAL,1,58,42,7,9
ALGEBRA LINEAL,1,58,40,16,2
LEGISLACION,1,58,47,3,8
FISICA III,1,58,41,12,5
LOGICO MATEMATICA,1,58,55,2,1
ENSAMBLAJE Y MANTENIMIENTO DE COMPUTADORAS,1,58,48,6,4
TECNOLOGIA DE OBJETOS,1,58,56,2,0
LENGUAJE Y TECNICAS DE COMUNICACION,1,58,58,0,0
MATEMATICA APLICADA A LAS T.I,1,58,48,10,0
ECONOMIA GENERAL,1,58,55,3,0
METODOLOGIA DE LA INVESTIGACION CIENTIFICA,1,58,48,4,6
LENGUAJE Y TECNICAS DE COMUNICACION,1,58,57,1,0
MATEMATICA I,1,58,47,10,1
ECONOMIA GENERAL,1,58,39,19,0
ELECTRONICA DIGITAL,1,58,50,8,0
CALCULO INTEGRAL,1,58,40,17,1
SIMULACION DE SISTEMAS,1,58,0,0,0
METODOLOGIA DE LA PROGRAMACION,1,59,53,5,1
COSTOS Y PRESUPUESTOS,1,59,48,5,6
CONTABILIDAD GENERAL,1,59,56,2,1
DIBUJO EN INGENIERIA,1,59,48,5,6
LOGICA MATEMATICA,1,59,55,4,0
LENGUAJE DE MAQUINA,1,59,48,8,3
INGLES TECNICO II,1,59,38,15,6
MATEMATICA APLICADA A LAS T.I,1,59,47,6,6
PSICOLOGIA ORGANIZACIONAL,1,59,51,4,4
FISICA I,1,59,34,25,0
INVESTIGACION DE OPERACIONES II,1,59,29,30,0
EPISTEMOLOGIA,1,59,55,4,0
INVESTIGACION DE OPERACIONES I,1,59,24,23,12
DINAMICA DE SISTEMAS I,1,59,34,12,13
MATEMATICA APLICADA A LAS T.I,1,59,50,9,0
SISTEMAS OPERATIVOS,1,59,44,13,2
COMPUTACION II,1,59,43,11,5
GEOMETRIA  ANALITICA,1,59,46,5,8
CALCULO  DIFERENCIAL,1,59,10,45,4
DINAMICA DE SISTEMAS I,1,59,28,26,5
COMPUTACION,1,60,48,5,7
DIBUJO EN INGENIERIA DE SISTEMAS,1,60,46,11,3
COMPUTACION II,1,60,38,16,6
MATEMATICA APLICADA A LAS T.I,1,60,47,12,1
INTRODUCCION A LA INGENIERIA DE SISTEMAS,1,60,53,4,3
SISTEMAS OPERATIVOS,1,60,47,9,4
GESTION EMPRESARIAL DE SISTEMAS,1,60,59,1,0
INTRODUCCION A LA INGENIERIA,1,60,55,5,0
INVESTIGACION CIENTIFICA EN TI,1,60,55,4,1
LENGUAJE Y TECNICAS DE COMUNICACION,1,60,56,0,4
MICROCOMPUTACION II,1,61,32,29,0
INVESTIGACION DE OPERACIONES  II,1,61,54,6,1
INGLES TECNICO I,1,61,51,5,5
INGLES TECNICO I,1,61,45,8,8
TECNICAS DE REDACCION Y COMUNICACION,1,61,49,4,8
ADMINISTRACION DE EMPRESAS,1,61,60,0,1
INTRODUCCION A LA INGENIERIA DE SISTEMAS,1,61,58,3,0
ECONOMIA GENERAL,1,61,54,7,0
DIBUJO EN INGENIERIA DE SISTEMAS,1,61,53,6,2
LOGICO MATEMATICA,1,61,51,7,3
PSICOLOGIA ORGANIZACIONAL,1,61,43,11,7
INTRODUCCION A LA INGENIERIA DE SISTEMAS,1,61,56,5,0
DIBUJO EN INGENIERIA DE SISTEMAS,1,61,50,8,3
TEORIA DE LENGUAJES,1,62,39,15,8
TECNICAS DE REDACCION Y COMUNICACION,1,62,47,8,7
METODOLOGIA DE LA INVESTIGACION CIENTIFICA,1,62,56,2,4
ORGANIZACION Y METODOS,1,62,46,9,7
MICROCOMPUTACION I,1,62,56,4,2
LENGUAJE Y TECNICAS DE COMUNICACION,1,62,56,2,4
FISICA I,1,62,45,17,0
FISICA I,1,62,55,7,0
DIBUJO DE INGENIERIA,1,62,47,11,4
FISICA  I,1,62,0,0,0
PROGRAMACION,1,62,0,0,0
BASE DE DATOS,1,63,35,21,7
MICROCOMPUTACION I,1,63,55,3,5
SEMINARIO METODOLOGIA DE LA INVESTIGACION,1,63,38,13,12
LOGICO MATEMATICA,1,63,52,6,5
MATEMATICA II,1,64,43,15,6
COSTOS Y PRESUPUESTOS,1,64,58,0,6
MATEMATICA III,1,64,40,14,10
MATEMATICA II,1,64,28,31,5
MATEMATICA II,1,64,49,10,5
ESTADISTICA PARA INGENIEROS,1,64,47,15,2
LOGICA MATEMATICA,1,65,53,9,3
MICROCOMPUTACION IV,1,65,61,2,2
LOGICO MATEMATICA,1,65,49,12,4
METODOLOGIA DE LA INVESTIGACION CIENTIFICA,1,65,58,0,7
MICROCOMPUTACION II,1,66,56,2,8
ALGEBRA LINEAL,1,66,57,4,5
DINAMICA DE SISTEMAS II,1,66,49,15,2
TEORIA DE LENGUAJES Y COMPILADORES,1,66,54,4,8
DINAMICA DE SISTEMAS I,1,66,56,3,7
LOGICA MATEMATICA,1,67,52,7,8
MICROCOMPUTACION III,1,67,63,1,3
METODOLOGIA DE LA INVESTIGACION CIENTIFICA,1,67,53,6,8
INGENIERIA ECONOMICA,1,68,48,20,0
INGENIERIA ECONOMICA,1,68,54,7,7
ORGANIZACION Y METODOS,1,68,45,13,10
MICROCOMPUTACION IV,1,68,59,6,3
MATEMATICA II,1,68,35,30,3
MATEMATICA I,1,68,52,3,13
FISICA II,1,68,41,23,4
ALGEBRA LINEAL,1,69,50,17,2
DINAMICA DE SISTEMAS I,1,69,43,14,12
FISICA II,1,69,52,17,0
ALGEBRA LINEAL,1,70,44,16,10
COMPUTACION,1,70,60,9,1
DIBUJO EN INGENIERIA,1,71,53,7,11
MICROCOMPUTACION III,1,72,44,19,9
MATEMATICA I,1,72,35,30,7
MATEMATICA I,1,72,40,25,7
ECONOMIA GENERAL,1,72,65,7,0
MARKETING PARA TECNOLOGIAS DE INFORMACION,1,72,57,14,1
INGLES  II,1,72,0,0,0
MATEMATICA I,1,73,34,30,9
EPISTEMOLOGIA,1,73,68,5,0
DIBUJO EN INGENIERIA,1,74,39,12,23
MICROCOMPUTACION II,1,74,60,11,3
PSICOLOGIA ORGANIZACIONAL,1,74,70,0,4
ETICA Y DEONTOLOGIA,1,74,72,0,2
INTRODUCCION A LA INGENIERIA,1,75,73,0,2
MATEMATICA I,1,77,46,22,9
MATEMATICA I,1,77,42,26,9
ALGEBRA LINEAL,1,78,44,16,18
BIOINFORMATICA,1,78,69,7,2
MATEMATICA I,1,79,48,27,4
MICROCOMPUTACION III,1,82,62,11,9
ESTADISTICA PARA INGENIEROS,1,83,62,15,6
MATEMATICA I,1,85,46,30,9
MATEMATICA I,1,86,41,36,9
ENSAMBLAJE Y MANTENIMIENTO DE COMPUTADORAS,1,87,62,18,7
INGLES  I,1,90,79,11,0
ELECTRONICA DIGITAL,1,91,56,35,0
INGENIERIA DE REQUISITOS,1,91,0,0,0
TECNOLOGIAS DE INFORMACION Y COMUNICACION,1,97,95,2,0
EPISTEMOLOGIA,1,98,75,20,3
INTRODUCCION A LA INGENIERIA DE SISTEMAS,1,98,88,8,2
PSICOLOGIA ORGANIZACIONAL,1,98,87,11,0
